1,1,0.7504944205284119,0.8947576284408569,3.7724927892668347e-07,0.71114581823349,0.8480280637741089,-0.026953961700201035,0.6920508742332458,0.7882450222969055,-0.04370252043008804,0.6853832006454468,0.7388049364089966,-0.05797745659947395,0.670958399772644,0.6930853724479675,-0.07228351384401321,0.7449648976325989,0.693128764629364,-0.029527144506573677,0.7533737421035767,0.625180721282959,-0.050770096480846405,0.7544332146644592,0.5838786363601685,-0.06819584965705872,0.7540796995162964,0.5441622734069824,-0.08206158876419067,0.7839574813842773,0.7013639807701111,-0.033750664442777634,0.8006691932678223,0.6212431788444519,-0.05299771949648857,0.8096223473548889,0.5661724209785461,-0.07096407562494278,0.815555214881897,0.5151171684265137,-0.08475298434495926,0.8136391639709473,0.733361005783081,-0.04115872457623482,0.8360468149185181,0.6612533330917358,-0.06368308514356613,0.8481336832046509,0.6148126721382141,-0.08042388409376144,0.855591893196106,0.5685782432556152,-0.09249648451805115,0.8367047309875488,0.781769871711731,-0.050338152796030045,0.8618401288986206,0.7451797127723694,-0.07334712892770767,0.8722612857818604,0.7157623171806335,-0.08461086452007294,0.8768429160118103,0.683599591255188,-0.09213938564062119
1,2,0.7828361988067627,1.0081813335418701,-3.55985861233421e-07,0.7428591847419739,0.9938294291496277,-0.04372118413448334,0.7147036790847778,0.9426422715187073,-0.0774177685379982,0.6940453052520752,0.906355619430542,-0.10856620967388153,0.6749162673950195,0.861655056476593,-0.13756421208381653,0.7590526342391968,0.8596621155738831,-0.06855963915586472,0.7669324278831482,0.7815796136856079,-0.1200714036822319,0.7565869092941284,0.8135827779769897,-0.15064531564712524,0.7451984286308289,0.864698052406311,-0.16482779383659363,0.8064059019088745,0.880165159702301,-0.07011467963457108,0.8290567994117737,0.8150118589401245,-0.1275802105665207,0.8017298579216003,0.8827877044677734,-0.14724759757518768,0.7775092124938965,0.9408616423606873,-0.15032124519348145,0.8447809815406799,0.9144662618637085,-0.0763329491019249,0.8691025972366333,0.8610141277313232,-0.13132116198539734,0.8378130793571472,0.925159752368927,-0.1328514963388443,0.8097704648971558,0.9779267311096191,-0.12203758955001831,0.8772352337837219,0.9561830759048462,-0.08495759218931198,0.9022842645645142,0.9214030504226685,-0.12714719772338867,0.8815633654594421,0.9559632539749146,-0.12789742648601532,0.8583675026893616,0.9919620752334595,-0.12000999599695206
2,3,0.7449312210083008,0.7431462407112122,4.337023256084649e-07,0.6726605296134949,0.7423763275146484,-0.0175496693700552,0.6096555590629578,0.7183673977851868,-0.036378566175699234,0.5628714561462402,0.69761723279953,-0.05932709202170372,0.5250690579414368,0.6826254725456238,-0.08172351121902466,0.5955345034599304,0.5932657122612,-0.0253444854170084,0.5368902683258057,0.5452007055282593,-0.06251238286495209,0.49488815665245056,0.515966534614563,-0.08766905218362808,0.4590957760810852,0.48989731073379517,-0.10425978153944016,0.6259416937828064,0.5635339021682739,-0.04182085022330284,0.5556535720825195,0.5063722729682922,-0.08585551381111145,0.5010589957237244,0.48017480969429016,-0.11409948766231537,0.4549567699432373,0.462685763835907,-0.12875676155090332,0.6670254468917847,0.5546813011169434,-0.06081864610314369,0.602399468421936,0.5789605379104614,-0.11598579585552216,0.5846714973449707,0.663322389125824,-0.1309361457824707,0.5782538652420044,0.729123592376709,-0.1283043622970581,0.7088699340820312,0.5715406537055969,-0.08051595836877823,0.6634917855262756,0.6191604733467102,-0.12399312108755112,0.6423311829566956,0.6819697022438049,-0.13256068527698517,0.6292014122009277,0.7298693060874939,-0.1304381936788559
2,3,0.7467260360717773,0.6982806324958801,3.495858038604638e-07,0.6847200393676758,0.6942855715751648,-0.00967937521636486,0.6282551288604736,0.6593640446662903,-0.02238025702536106,0.5984075665473938,0.6150801777839661,-0.0400482602417469,0.585311770439148,0.5707022547721863,-0.05699501559138298,0.628684937953949,0.5350867509841919,-0.019800227135419846,0.5817721486091614,0.47261354327201843,-0.04929568991065025,0.5468356609344482,0.43797415494918823,-0.06728862226009369,0.5151759386062622,0.40950751304626465,-0.0775301530957222,0.6596112847328186,0.511272132396698,-0.03534123674035072,0.6011862754821777,0.43745267391204834,-0.07022393494844437,0.5548548698425293,0.3982524871826172,-0.08925564587116241,0.5146682262420654,0.36916279792785645,-0.0962100401520729,0.6993035674095154,0.5062828063964844,-0.052140939980745316,0.6411222815513611,0.5271323919296265,-0.09575125575065613,0.6316329836845398,0.6053938269615173,-0.09973423182964325,0.6333244442939758,0.6653925776481628,-0.08941122144460678,0.7380037307739258,0.520826518535614,-0.06956478953361511,0.6916816830635071,0.5535028576850891,-0.09923890233039856,0.6707336902618408,0.609031617641449,-0.096926249563694,0.6604365110397339,0.6530572175979614,-0.08730489760637283
2,3,0.7231453061103821,0.7013211250305176,2.013653812582561e-07,0.6743505001068115,0.7010367512702942,-0.007809689734131098,0.6224012970924377,0.6693025827407837,-0.018112462013959885,0.6030969023704529,0.631662130355835,-0.03423730656504631,0.6102932691574097,0.600106418132782,-0.05066686496138573,0.613579511642456,0.561969518661499,-0.010282274335622787,0.5662239193916321,0.5166972279548645,-0.03591035306453705,0.5304266214370728,0.49377715587615967,-0.053141240030527115,0.4985692501068115,0.475898802280426,-0.0628441721200943,0.6386694312095642,0.5345043540000916,-0.024905376136302948,0.5841176509857178,0.4833545386791229,-0.05782666429877281,0.5339776277542114,0.46186715364456177,-0.07683062553405762,0.4923246502876282,0.44992685317993164,-0.0825263261795044,0.673072099685669,0.5226353406906128,-0.04089273884892464,0.6240389943122864,0.5534520149230957,-0.08123722672462463,0.6306843757629395,0.6281152963638306,-0.08398936688899994,0.6459246873855591,0.683663010597229,-0.07175545394420624,0.7069072723388672,0.5284115076065063,-0.05748080089688301,0.6636146903038025,0.5569778680801392,-0.08159150183200836,0.6600489020347595,0.6132227182388306,-0.07413586974143982,0.6687654256820679,0.6561874151229858,-0.060481276363134384
2,2,0.7809644341468811,0.6908731460571289,-7.063841280796623e-07,0.6893291473388672,0.6746811866760254,0.04416016861796379,0.646469235420227,0.6340230107307434,0.046422865241765976,0.6113362312316895,0.6023216247558594,0.03137531504034996,0.5798694491386414,0.5737704038619995,0.013320419937372208,0.6248500347137451,0.5442466139793396,0.02740771323442459,0.5650472640991211,0.5928773283958435,-0.002646265784278512,0.530677080154419,0.6415228843688965,-0.026385989040136337,0.5030820369720459,0.6855660676956177,-0.040586646646261215,0.6434313058853149,0.5373138785362244,-0.017029454931616783,0.5740600824356079,0.602561354637146,-0.05456756055355072,0.5312570929527283,0.6576672196388245,-0.07266955822706223,0.5073119401931763,0.7040669322013855,-0.08171394467353821,0.6663922071456909,0.5491257309913635,-0.060709498822689056,0.6091005802154541,0.6344187259674072,-0.09066221863031387,0.6360439658164978,0.6935470700263977,-0.0791855901479721,0.6697884798049927,0.723419189453125,-0.06600164622068405,0.6907893419265747,0.5705425143241882,-0.10302972793579102,0.6433181166648865,0.6262746453285217,-0.12493149936199188,0.6483696103096008,0.6726915240287781,-0.11640539020299911,0.6635875105857849,0.6999914050102234,-0.10566633194684982
2,3,0.7686774730682373,0.6830505132675171,7.131636436952249e-08,0.7161198258399963,0.6755862236022949,-0.016200004145503044,0.6616836786270142,0.6482483148574829,-0.02996993623673916,0.6364574432373047,0.6126024127006531,-0.04712029546499252,0.654535174369812,0.5746675133705139,-0.0632273480296135,0.650954008102417,0.5234532952308655,-0.010534903034567833,0.6096976399421692,0.4839767813682556,-0.038509562611579895,0.578033983707428,0.4625769257545471,-0.05967477709054947,0.5489261150360107,0.44822490215301514,-0.07320835441350937,0.681362509727478,0.4945240020751953,-0.021264415234327316,0.6262638568878174,0.4570017457008362,-0.05458914861083031,0.5863319039344788,0.4511227011680603,-0.07396490126848221,0.5512421131134033,0.4489251971244812,-0.08061139285564423,0.7210198044776917,0.48426002264022827,-0.034779421985149384,0.6812694668769836,0.509897768497467,-0.07267896831035614,0.6928989887237549,0.580441951751709,-0.07280843704938889,0.7059292197227478,0.6312408447265625,-0.06052817404270172,0.7629011869430542,0.4938816726207733,-0.05030796304345131,0.7265458106994629,0.532503604888916,-0.07394354790449142,0.7250306606292725,0.587661623954773,-0.06790654361248016,0.7314713597297668,0.6263658404350281,-0.05590520426630974
2,3,0.8013051748275757,0.6561020612716675,2.387304220974329e-07,0.749302864074707,0.6473709344863892,-0.016727393493056297,0.6975191831588745,0.6105299592018127,-0.030690303072333336,0.6746686100959778,0.5631462335586548,-0.04766106233000755,0.6836378574371338,0.5172214508056641,-0.06352873891592026,0.690949022769928,0.49974414706230164,-0.01454625278711319,0.6478474140167236,0.4447995722293854,-0.04073093831539154,0.6189464330673218,0.40607795119285583,-0.0589355006814003,0.5955191254615784,0.37090200185775757,-0.07061351835727692,0.7215471863746643,0.47501513361930847,-0.02353665791451931,0.6706126928329468,0.4235724210739136,-0.0578160397708416,0.6316786408424377,0.4013596773147583,-0.07717544585466385,0.598238468170166,0.38298299908638,-0.08380775153636932,0.7590788006782532,0.4662580192089081,-0.0347498282790184,0.7104226350784302,0.48536550998687744,-0.07548944652080536,0.7083905935287476,0.5582851767539978,-0.07753758132457733,0.712536633014679,0.6140413284301758,-0.0661446824669838,0.7973468899726868,0.4743229150772095,-0.04742063209414482,0.753670871257782,0.5053561925888062,-0.07355990260839462,0.7454103231430054,0.5616267919540405,-0.06919432431459427,0.7459707856178284,0.6055123805999756,-0.05823543295264244
1,3,0.627304196357727,0.8387283086776733,-7.952566249969095e-08,0.5855074524879456,0.7823704481124878,-0.01364089548587799,0.5522231459617615,0.7020365595817566,-0.02590126544237137,0.5295122265815735,0.6432731747627258,-0.039638739079236984,0.5051547288894653,0.5925765633583069,-0.051620692014694214,0.6094417572021484,0.6270900964736938,-0.009883573278784752,0.6131242513656616,0.5548617243766785,-0.03795812278985977,0.5917661190032959,0.53757643699646,-0.05827579274773598,0.5673390030860901,0.5352513194084167,-0.0694795548915863,0.6391580104827881,0.6411597728729248,-0.017255796119570732,0.6411860585212708,0.574961245059967,-0.052325692027807236,0.6091091632843018,0.5782206654548645,-0.07084891945123672,0.5807489156723022,0.5947015881538391,-0.07812238484621048,0.6664722561836243,0.6670812368392944,-0.028265677392482758,0.6583503484725952,0.6199542284011841,-0.06128945201635361,0.6208727359771729,0.6425963640213013,-0.06682804971933365,0.5909359455108643,0.6705029606819153,-0.06323645263910294,0.6930542588233948,0.7000230550765991,-0.04039291664958,0.7025099992752075,0.6364961862564087,-0.06302464753389359,0.6999704837799072,0.6013959646224976,-0.0686546191573143,0.6947420239448547,0.5721405744552612,-0.06900323927402496
1,0,0.5879182815551758,0.9684857130050659,1.2575516450397117e-07,0.5066285729408264,0.9388901591300964,0.003322816686704755,0.4404609203338623,0.9000776410102844,-0.009520990774035454,0.38815802335739136,0.8821603655815125,-0.02482193149626255,0.34419846534729004,0.8664634227752686,-0.04209208860993385,0.47704216837882996,0.8116416335105896,-0.033404987305402756,0.4129733741283417,0.7610130906105042,-0.06347203254699707,0.36883360147476196,0.7308675646781921,-0.08492188900709152,0.33146387338638306,0.7110975384712219,-0.10050828754901886,0.4913181960582733,0.8254179954528809,-0.05501395836472511,0.41881459951400757,0.7658311724662781,-0.08520600944757462,0.36950311064720154,0.7368043661117554,-0.10488922894001007,0.3299564719200134,0.718369722366333,-0.11972284317016602,0.5044914484024048,0.8637032508850098,-0.07586587220430374,0.4354844391345978,0.8234707713127136,-0.10823705792427063,0.3882189393043518,0.8028203248977661,-0.1276804506778717,0.348690390586853,0.7856985330581665,-0.1407058984041214,0.5141576528549194,0.9199945330619812,-0.09472379088401794,0.465838223695755,0.9049343466758728,-0.12659259140491486,0.42861318588256836,0.897331714630127,-0.14176800847053528,0.394155889749527,0.8889530301094055,-0.15200532972812653
1,1,0.5980145931243896,0.9779270887374878,4.783198619406903e-07,0.5563641786575317,0.9163005948066711,-0.03504132851958275,0.5400991439819336,0.8402004837989807,-0.06346122175455093,0.5353794097900391,0.7836374044418335,-0.08893761038780212,0.5264493227005005,0.722960889339447,-0.11649064719676971,0.6100277900695801,0.7569616436958313,-0.0664304792881012,0.6163944602012634,0.6633145809173584,-0.1068807989358902,0.6127147078514099,0.6017723679542542,-0.13644441962242126,0.6064625382423401,0.5459681153297424,-0.15868397057056427,0.6450549960136414,0.7812978625297546,-0.07587525993585587,0.6696757078170776,0.6820729374885559,-0.1166704073548317,0.682988166809082,0.6151882410049438,-0.14898163080215454,0.6930074691772461,0.5512478351593018,-0.1729787439107895,0.6687052845954895,0.8276392817497253,-0.08787073940038681,0.6942805647850037,0.7406290173530579,-0.12880545854568481,0.7071245908737183,0.6786285638809204,-0.15870055556297302,0.7161080837249756,0.6201693415641785,-0.17982234060764313,0.6865659356117249,0.8898949027061462,-0.10117585211992264,0.704801082611084,0.8328863382339478,-0.1398123949766159,0.7093660235404968,0.7863253951072693,-0.16128744184970856,0.7089805603027344,0.7400696873664856,-0.17669813334941864
1,0,0.586214005947113,0.9771319627761841,9.134073764016648e-08,0.5615153908729553,0.8950191140174866,0.012133126147091389,0.5144650936126709,0.8382796049118042,0.007348587736487389,0.46966230869293213,0.8012680411338806,0.0004192389314994216,0.43243610858917236,0.7794597744941711,-0.010471280664205551,0.507158100605011,0.8048071265220642,-0.03864036127924919,0.44696107506752014,0.7335195541381836,-0.06212285906076431,0.40029391646385193,0.701359748840332,-0.07522346079349518,0.3628388047218323,0.6801693439483643,-0.08415551483631134,0.5080022215843201,0.8450378775596619,-0.05795014649629593,0.4223277270793915,0.7843201160430908,-0.08329518884420395,0.36203867197036743,0.7517665028572083,-0.09851057082414627,0.31597548723220825,0.7283478379249573,-0.11079712212085724,0.5057182908058167,0.8997989892959595,-0.0736013799905777,0.42325037717819214,0.8440839052200317,-0.09809712320566177,0.3668563961982727,0.8148466944694519,-0.11339104920625687,0.3241073489189148,0.7907938361167908,-0.12434250861406326,0.5011181831359863,0.9605861902236938,-0.08585820347070694,0.43678733706474304,0.9327602982521057,-0.1133851408958435,0.3944498896598816,0.9126442074775696,-0.1268906146287918,0.3582247197628021,0.8906927108764648,-0.13492392003536224
1,1,0.5970621109008789,1.0028589963912964,4.74160628982645e-07,0.5413782596588135,0.9462533593177795,-0.031143661588430405,0.5176282525062561,0.8828758001327515,-0.06757353246212006,0.4925718307495117,0.8435171246528625,-0.1042325347661972,0.46013638377189636,0.7969281673431396,-0.14579150080680847,0.5906146764755249,0.798055112361908,-0.08847492188215256,0.6069443225860596,0.716547966003418,-0.14218632876873016,0.5941762924194336,0.6731007695198059,-0.18201081454753876,0.5747514963150024,0.6397819519042969,-0.21309936046600342,0.6241074204444885,0.8314579129219055,-0.11035964637994766,0.6638250946998596,0.7535808086395264,-0.17242026329040527,0.6793289184570312,0.7041811943054199,-0.22025687992572784,0.6884379386901855,0.6536741852760315,-0.2569221556186676,0.644496738910675,0.878637433052063,-0.13394761085510254,0.6763398051261902,0.8145155310630798,-0.19804958999156952,0.6887344717979431,0.7638890147209167,-0.24749542772769928,0.6960808634757996,0.7195422649383545,-0.28227564692497253,0.6554346680641174,0.9346972107887268,-0.15712974965572357,0.6654499769210815,0.8989202976226807,-0.21534612774848938,0.6648039221763611,0.8685262203216553,-0.25215378403663635,0.6614910364151001,0.8396706581115723,-0.2805213928222656
1,0,0.5284247994422913,0.9762377142906189,-3.661190817183524e-07,0.4877271056175232,0.923573911190033,0.015558847226202488,0.4348808825016022,0.8875608444213867,0.012799288146197796,0.38670095801353455,0.8723305463790894,0.006192642729729414,0.34868156909942627,0.8745696544647217,-0.002799451583996415,0.41385695338249207,0.8286012411117554,-0.015896035358309746,0.3357183039188385,0.8236211538314819,-0.03901667520403862,0.2891991138458252,0.8499047160148621,-0.054550301283597946,0.25993287563323975,0.8785006403923035,-0.06262823939323425,0.42371702194213867,0.8475401401519775,-0.03314809873700142,0.33327722549438477,0.8503603935241699,-0.051861781626939774,0.28441059589385986,0.8837316632270813,-0.06014108657836914,0.25381284952163696,0.9149952530860901,-0.06617481261491776,0.4321424663066864,0.8821267485618591,-0.048974595963954926,0.3448752164840698,0.8854774832725525,-0.0631568506360054,0.2969073951244354,0.9159728288650513,-0.0668255016207695,0.2667000889778137,0.9450439810752869,-0.06947306543588638,0.4396568536758423,0.92786705493927,-0.06292986124753952,0.36748749017715454,0.9327511787414551,-0.07397869229316711,0.33017224073410034,0.9499102234840393,-0.07574976980686188,0.304455429315567,0.9677196741104126,-0.07619094103574753
1,3,0.572548508644104,0.9754858613014221,-9.066440753713323e-08,0.5322027206420898,0.9262039661407471,0.010851315222680569,0.490952730178833,0.8662965297698975,0.005403999704867601,0.45931994915008545,0.8236007690429688,-0.0022897091694176197,0.4283638894557953,0.7987723350524902,-0.013365316204726696,0.5025902390480042,0.814745306968689,-0.034308869391679764,0.43927961587905884,0.7645608186721802,-0.05917628854513168,0.39355164766311646,0.741879403591156,-0.0742565244436264,0.35851001739501953,0.7285962104797363,-0.08452347666025162,0.5121666789054871,0.8302390575408936,-0.05463554337620735,0.43635350465774536,0.7685142159461975,-0.08170213550329208,0.3840118944644928,0.7482565641403198,-0.0970565602183342,0.3446177542209625,0.737000048160553,-0.10769715160131454,0.517322301864624,0.8664309978485107,-0.07214142382144928,0.4424091577529907,0.816748857498169,-0.09841562807559967,0.3875542879104614,0.797705352306366,-0.11274447292089462,0.3478878140449524,0.784028947353363,-0.12202181667089462,0.5167731046676636,0.9156020283699036,-0.0868208184838295,0.4580730199813843,0.8836634755134583,-0.1127592921257019,0.4180039167404175,0.8720405101776123,-0.12365725636482239,0.3859841525554657,0.8632134795188904,-0.13016878068447113
1,1,0.6983898878097534,0.985908031463623,2.7452404083305737e-07,0.6530799865722656,0.9389220476150513,-0.025129547342658043,0.6243102550506592,0.8706569075584412,-0.04640169069170952,0.6291823983192444,0.8217976689338684,-0.06740289181470871,0.6618043780326843,0.7934617400169373,-0.0895213782787323,0.6744558811187744,0.7704973220825195,-0.039457425475120544,0.6694126725196838,0.6916759014129639,-0.07189907878637314,0.6562498211860657,0.6462037563323975,-0.09665650129318237,0.639927089214325,0.6069232225418091,-0.11552627384662628,0.7111172080039978,0.7837679982185364,-0.05004717409610748,0.7148573994636536,0.6935147643089294,-0.08220349997282028,0.7121852040290833,0.6338828206062317,-0.10875837504863739,0.7068649530410767,0.5787839293479919,-0.1284073293209076,0.7418220639228821,0.8175102472305298,-0.06398593634366989,0.7472711801528931,0.7421773672103882,-0.09883518517017365,0.7444673180580139,0.6942343711853027,-0.12421844899654388,0.7378467321395874,0.6522740721702576,-0.14075545966625214,0.7702538967132568,0.8659029603004456,-0.07934609055519104,0.7797815799713135,0.8101286292076111,-0.1114945262670517,0.7771186232566833,0.771461546421051,-0.13022474944591522,0.7678123712539673,0.7365224957466125,-0.14332856237888336
2,3,0.6791443824768066,0.9555565714836121,4.233746722093201e-07,0.6231995820999146,0.9067478179931641,-0.0008920913678593934,0.5934540033340454,0.8291634321212769,-0.006711730733513832,0.5886868834495544,0.7726330757141113,-0.02031373418867588,0.5991277694702148,0.7338020205497742,-0.033193010836839676,0.6287243366241455,0.7403425574302673,0.008597788400948048,0.6042200922966003,0.6574628949165344,-0.012570205144584179,0.5870986580848694,0.6016787886619568,-0.026263631880283356,0.5760223865509033,0.5569546818733215,-0.03539392352104187,0.657616913318634,0.7392752170562744,-0.0110143618658185,0.6262156963348389,0.6439245939254761,-0.04147573560476303,0.5991560220718384,0.584743857383728,-0.06103374436497688,0.582807719707489,0.5378173589706421,-0.06909028440713882,0.6853126287460327,0.7566474080085754,-0.03258242830634117,0.625359833240509,0.7194164395332336,-0.07115226238965988,0.6013062000274658,0.7780746221542358,-0.07028037309646606,0.5975313782691956,0.820719301700592,-0.05806325003504753,0.7056263089179993,0.7889947891235352,-0.05473960191011429,0.6494961380958557,0.7823055982589722,-0.08180245757102966,0.6406295299530029,0.8288228511810303,-0.07610706984996796,0.6514230966567993,0.8589991927146912,-0.06451442837715149
2,3,0.6667788624763489,0.9405222535133362,3.5015534649573965e-07,0.6176736354827881,0.8999282121658325,-0.0011956589296460152,0.5903898477554321,0.8257256746292114,-0.008306795731186867,0.5842896699905396,0.7708423733711243,-0.02232847921550274,0.5836870670318604,0.7335469722747803,-0.03602009266614914,0.6235840320587158,0.7349609732627869,0.000544157694093883,0.6044484972953796,0.6541627645492554,-0.022621916607022285,0.5887910723686218,0.6012254953384399,-0.03834269940853119,0.5774800777435303,0.5595798492431641,-0.048747699707746506,0.6547914743423462,0.737809956073761,-0.019440308213233948,0.6250602006912231,0.6454473733901978,-0.05192895978689194,0.5963402390480042,0.5903215408325195,-0.07236466556787491,0.5778453350067139,0.551276683807373,-0.08108001947402954,0.6828747987747192,0.7577083110809326,-0.0407814085483551,0.6250395178794861,0.7200500965118408,-0.08003693073987961,0.5988731980323792,0.7788010239601135,-0.0788014754652977,0.5930196046829224,0.825860857963562,-0.06673135608434677,0.7024765014648438,0.7899297475814819,-0.06261475384235382,0.6455720663070679,0.7878981232643127,-0.09140273183584213,0.6302337050437927,0.8357268571853638,-0.08635318279266357,0.6351295709609985,0.8706109523773193,-0.07497797161340714
2,3,0.6348186135292053,0.8361752033233643,2.6539052555563103e-07,0.5891609787940979,0.8039982318878174,-0.0032942965626716614,0.5590023994445801,0.7440298199653625,-0.010042195208370686,0.5479536056518555,0.7082201838493347,-0.022568508982658386,0.5429651141166687,0.6863886713981628,-0.034760814160108566,0.5914273262023926,0.6553583145141602,0.0011120414128527045,0.5737504959106445,0.5830128788948059,-0.016441408544778824,0.5605892539024353,0.537499725818634,-0.02879521995782852,0.5522633194923401,0.500180721282959,-0.037050072103738785,0.6142973899841309,0.6536210179328918,-0.014380565844476223,0.5810506939888,0.5762647986412048,-0.039202552288770676,0.552548885345459,0.527945339679718,-0.05512392148375511,0.5329201221466064,0.48956021666526794,-0.061944324523210526,0.6376661062240601,0.6658869981765747,-0.031350161880254745,0.588602602481842,0.6453896164894104,-0.06187554821372032,0.5754762291908264,0.6995299458503723,-0.06021447852253914,0.576384961605072,0.74024498462677,-0.04978553578257561,0.6564213633537292,0.6904246211051941,-0.04925597831606865,0.6105644106864929,0.6837858557701111,-0.06917577981948853,0.5992801785469055,0.7274398803710938,-0.06217021495103836,0.603564441204071,0.7588274478912354,-0.05137866362929344
1,1,0.8836234211921692,1.0677000284194946,2.7566960625335923e-07,0.8350062966346741,1.0228322744369507,-0.047205861657857895,0.8128167986869812,0.9421329498291016,-0.07307696342468262,0.8066812753677368,0.8781306147575378,-0.09369875490665436,0.7908576726913452,0.815075695514679,-0.11344313621520996,0.8883395195007324,0.8547839522361755,-0.04653026908636093,0.9219306707382202,0.7734547257423401,-0.08189530670642853,0.9220041036605835,0.7421596646308899,-0.11160130798816681,0.910197377204895,0.7423861026763916,-0.12920530140399933,0.9392433762550354,0.8858566284179688,-0.04300301894545555,0.9961557388305664,0.8158705830574036,-0.07143233716487885,1.0148440599441528,0.7844804525375366,-0.0930996760725975,1.0183101892471313,0.7764441967010498,-0.10891220718622208,0.9748456478118896,0.935758650302887,-0.04534408077597618,1.0276329517364502,0.8825758099555969,-0.07588149607181549,1.0543757677078247,0.8494122624397278,-0.08901913464069366,1.0663516521453857,0.8354831337928772,-0.09654656797647476,1.0005831718444824,0.9951465129852295,-0.05118977278470993,1.0445383787155151,0.9584212899208069,-0.07915887981653214,1.0689178705215454,0.9352270364761353,-0.08508925884962082,1.080318808555603,0.9224350452423096,-0.08723162859678268
1,1,0.7066752910614014,0.8579327464103699,3.4186993502771656e-07,0.6691602468490601,0.8070802688598633,-0.02627965621650219,0.6504700779914856,0.7408538460731506,-0.04461970925331116,0.6430934071540833,0.6882501244544983,-0.06094300374388695,0.6299754977226257,0.6351175904273987,-0.07749494165182114,0.7075448632240295,0.6544278264045715,-0.03386867791414261,0.7116925120353699,0.5799634456634521,-0.060553401708602905,0.7086082696914673,0.5374887585639954,-0.08102355897426605,0.7025310397148132,0.49770575761795044,-0.09580090641975403,0.7436630129814148,0.6682125926017761,-0.03943502902984619,0.7620412111282349,0.5839095115661621,-0.06370831280946732,0.7718778252601624,0.5290619134902954,-0.08406994491815567,0.7776913046836853,0.4773121774196625,-0.09871097654104233,0.7708338499069214,0.7035556435585022,-0.048142772167921066,0.7896754741668701,0.6305961608886719,-0.07432243227958679,0.799415111541748,0.5826503038406372,-0.09219256788492203,0.8040605187416077,0.5343966484069824,-0.10433095693588257,0.7929176092147827,0.7536939382553101,-0.05842779204249382,0.8154100179672241,0.7085508704185486,-0.08259811997413635,0.8221443295478821,0.6749445199966431,-0.09371823072433472,0.8217176795005798,0.6387335062026978,-0.1010545864701271
1,0,0.6177695989608765,0.8811266422271729,-1.0831757180085333e-07,0.5500037670135498,0.8384504914283752,0.016832634806632996,0.5148363709449768,0.7794796824455261,0.015523985959589481,0.48656585812568665,0.7397533059120178,0.008036716841161251,0.45610934495925903,0.7116683125495911,-0.0019579629879444838,0.5469942092895508,0.6949198842048645,0.002336778212338686,0.4927372932434082,0.6377880573272705,-0.010926513001322746,0.45549649000167847,0.6068511605262756,-0.02228487655520439,0.42443105578422546,0.5803368091583252,-0.03171716630458832,0.5574833750724792,0.6978375911712646,-0.019398484379053116,0.48696309328079224,0.6271052956581116,-0.033170271664857864,0.4431629180908203,0.5982348322868347,-0.04414656013250351,0.41033071279525757,0.5760499238967896,-0.05373540148139,0.5612176656723022,0.7205970883369446,-0.04034575819969177,0.492491751909256,0.6525854468345642,-0.05609371140599251,0.4479358494281769,0.6262331604957581,-0.06541349738836288,0.4144226908683777,0.6067333221435547,-0.07283033430576324,0.5557107925415039,0.7586767673492432,-0.05955317243933678,0.5067785382270813,0.7115309238433838,-0.07468950003385544,0.4724360704421997,0.6914999485015869,-0.08057023584842682,0.4440709948539734,0.6754915714263916,-0.08537469059228897
1,0,0.5934494137763977,0.9428184032440186,-6.943978547724328e-08,0.5206718444824219,0.8973421454429626,0.012106573209166527,0.47428596019744873,0.8280350565910339,0.010034863837063313,0.4399905204772949,0.7821087837219238,0.0032857628539204597,0.40505707263946533,0.751764178276062,-0.005089992191642523,0.5137085914611816,0.7332663536071777,-0.004878908861428499,0.4561275839805603,0.669954240322113,-0.022588366642594337,0.4126673936843872,0.6361947059631348,-0.03650181367993355,0.37622326612472534,0.6116988658905029,-0.04712425917387009,0.5247489809989929,0.7399761080741882,-0.025242051109671593,0.4549906849861145,0.659941554069519,-0.04307875782251358,0.4046154022216797,0.6278454661369324,-0.055461037904024124,0.36501818895339966,0.606060802936554,-0.06525423377752304,0.5280244946479797,0.7683204412460327,-0.045310284942388535,0.45838066935539246,0.6905621886253357,-0.06471943855285645,0.4081496596336365,0.6599836349487305,-0.07687661051750183,0.3687496781349182,0.6393184661865234,-0.0855114534497261,0.5218834280967712,0.8149457573890686,-0.06385958194732666,0.46904200315475464,0.7661998271942139,-0.08302866667509079,0.42782503366470337,0.7449734210968018,-0.09215907752513885,0.39285510778427124,0.7297529578208923,-0.09856215119361877
1,1,0.6690594553947449,0.9107879996299744,2.0192396732454654e-07,0.6235804557800293,0.8554670810699463,-0.02055073343217373,0.5907331705093384,0.7778235077857971,-0.03632349893450737,0.5686513185501099,0.7178666591644287,-0.05178960785269737,0.5437297224998474,0.6648229360580444,-0.06772133708000183,0.6394986510276794,0.6867609620094299,-0.02767634391784668,0.62214195728302,0.60304856300354,-0.056367505341768265,0.6055803298950195,0.5573692321777344,-0.07826586067676544,0.5881848335266113,0.5162104964256287,-0.09392815083265305,0.6741665601730347,0.690635621547699,-0.03713103383779526,0.6674860119819641,0.592030942440033,-0.06363928318023682,0.6604112982749939,0.5296591520309448,-0.08398880809545517,0.6511297225952148,0.47349879145622253,-0.09803975373506546,0.7063302993774414,0.7170920968055725,-0.04969793185591698,0.7060061693191528,0.6257471442222595,-0.07729280740022659,0.7023638486862183,0.5681650638580322,-0.09262586385011673,0.6944565773010254,0.5137166976928711,-0.10244376212358475,0.7383512258529663,0.7611994743347168,-0.06373122334480286,0.7484607696533203,0.6991603374481201,-0.08863551914691925,0.7467966079711914,0.6558392643928528,-0.0982631966471672,0.7384282350540161,0.6144601106643677,-0.10402457416057587
1,1,0.6956161856651306,0.7073543071746826,2.3499703161178331e-07,0.6610152721405029,0.6539848446846008,-0.021827293559908867,0.6447030305862427,0.5791948437690735,-0.037118859589099884,0.6348646879196167,0.521693229675293,-0.05145666003227234,0.620111346244812,0.46591654419898987,-0.065972700715065,0.7076104283332825,0.5031962990760803,-0.025675153359770775,0.714657187461853,0.4245428442955017,-0.04811328649520874,0.7128884792327881,0.3778841197490692,-0.06651195138692856,0.7087128162384033,0.3354453444480896,-0.08018269389867783,0.735562264919281,0.5190381407737732,-0.03187253698706627,0.7544945478439331,0.43532392382621765,-0.05271241068840027,0.7593925595283508,0.38012629747390747,-0.07042321562767029,0.7595888376235962,0.3287266492843628,-0.0834241434931755,0.7558375597000122,0.5526527762413025,-0.04110401123762131,0.7754389047622681,0.48042717576026917,-0.06323211640119553,0.7768917083740234,0.4323776662349701,-0.07817987352609634,0.7732530236244202,0.3851746916770935,-0.08848446607589722,0.7719215750694275,0.5993127226829529,-0.052004557102918625,0.7898290157318115,0.5491966605186462,-0.0729454979300499,0.7884545922279358,0.5154486298561096,-0.08219511061906815,0.7798895835876465,0.48235780000686646,-0.08825202286243439
2,3,0.6521661281585693,0.7157058119773865,4.0932670231086377e-07,0.6040419340133667,0.6763213872909546,-0.015149887651205063,0.5693445801734924,0.6198872327804565,-0.03272247686982155,0.5493305325508118,0.5775173902511597,-0.054667193442583084,0.530998170375824,0.5283094048500061,-0.07588481903076172,0.6033890247344971,0.5242273807525635,-0.020323442295193672,0.5801025629043579,0.45634105801582336,-0.055980272591114044,0.5594322681427002,0.41182905435562134,-0.080988310277462,0.5422821640968323,0.3756159842014313,-0.09685137867927551,0.6363958120346069,0.5244802832603455,-0.03693869709968567,0.6056808233261108,0.44860973954200745,-0.08335869759321213,0.5769111514091492,0.4009166955947876,-0.11271706223487854,0.5543867945671082,0.3631443679332733,-0.12644974887371063,0.6678449511528015,0.5411409139633179,-0.0558733306825161,0.6071649193763733,0.525432825088501,-0.10748279839754105,0.578320324420929,0.5845357775688171,-0.11332080513238907,0.5664219856262207,0.6287907361984253,-0.10415069013834,0.6890408396720886,0.570753276348114,-0.07606901973485947,0.6315268874168396,0.5792641043663025,-0.1132950708270073,0.6067138314247131,0.6222724318504333,-0.11291017383337021,0.5984621047973633,0.6560932397842407,-0.10373193770647049
2,2,0.6859216094017029,0.735838770866394,-6.565881562892173e-07,0.613183856010437,0.6941134929656982,0.025414759293198586,0.5738462805747986,0.6508830189704895,0.028106462210416794,0.5435891151428223,0.6215558648109436,0.02080179750919342,0.5169667601585388,0.6003404855728149,0.011606153100728989,0.5826876759529114,0.5545691251754761,0.029820246621966362,0.5197927951812744,0.5825614333152771,0.012419241480529308,0.4866274297237396,0.6198748350143433,-0.006312084384262562,0.4620271921157837,0.6535208821296692,-0.017287472262978554,0.5926260948181152,0.5535519123077393,0.006020730827003717,0.5182124376296997,0.590621292591095,-0.0075620426796376705,0.48547255992889404,0.6342613697052002,-0.021065479144454002,0.46662503480911255,0.6697287559509277,-0.030626527965068817,0.6035191416740417,0.5696707963943481,-0.01775275729596615,0.5327713489532471,0.6184377670288086,-0.02871778979897499,0.5410890579223633,0.6680378913879395,-0.027472559362649918,0.5601571798324585,0.6951574683189392,-0.026052871719002724,0.6128141283988953,0.5975810289382935,-0.040754858404397964,0.5559783577919006,0.6353467702865601,-0.048528190702199936,0.5582828521728516,0.6727195978164673,-0.043106645345687866,0.5739728808403015,0.6938135623931885,-0.037501655519008636
2,3,0.6534125804901123,0.7197530269622803,2.767739317732776e-07,0.6058510541915894,0.6839052438735962,-0.00775547418743372,0.5751194953918457,0.6306086778640747,-0.019601620733737946,0.560444712638855,0.5920140147209167,-0.03596462309360504,0.5553819537162781,0.5636677742004395,-0.051912471652030945,0.6018736958503723,0.5350165367126465,-0.014194446615874767,0.5665663480758667,0.4706520438194275,-0.03966370224952698,0.5416004061698914,0.4292490780353546,-0.05656744912266731,0.5224879384040833,0.3944372832775116,-0.0668870285153389,0.631202220916748,0.5306094288825989,-0.02821456268429756,0.5868852138519287,0.46189644932746887,-0.059682875871658325,0.555607259273529,0.4188404679298401,-0.0783911794424057,0.5306697487831116,0.38371556997299194,-0.0860075131058693,0.6590659022331238,0.5451391935348511,-0.043304648250341415,0.590486466884613,0.5450887680053711,-0.07908818125724792,0.5682170391082764,0.6019726395606995,-0.08033064752817154,0.5605580806732178,0.6474747061729431,-0.07041281461715698,0.6761888861656189,0.5754392743110657,-0.05933401361107826,0.6158856153488159,0.5891441702842712,-0.0816771388053894,0.5932772755622864,0.6263456344604492,-0.07701526582241058,0.5839383602142334,0.6583938598632812,-0.06709612160921097
2,3,0.6553034782409668,0.7252262234687805,2.0735079431233316e-07,0.6019368171691895,0.6840224266052246,-0.004100821912288666,0.567805826663971,0.6338691711425781,-0.014530692249536514,0.543589174747467,0.6011320352554321,-0.03026421181857586,0.5302978157997131,0.5708159804344177,-0.04548758268356323,0.6020520329475403,0.5349912047386169,-0.007537145633250475,0.572941780090332,0.46599021553993225,-0.03018992394208908,0.5482221245765686,0.42652952671051025,-0.04546520486474037,0.5280195474624634,0.39634156227111816,-0.054790422320365906,0.6265810132026672,0.5333342552185059,-0.0223394688218832,0.5828448534011841,0.4619622230529785,-0.05195506662130356,0.5470621585845947,0.42451977729797363,-0.06985277682542801,0.5195687413215637,0.3997763395309448,-0.07739962637424469,0.6490636467933655,0.5470931529998779,-0.038421403616666794,0.5799795389175415,0.536643922328949,-0.07239361107349396,0.5536234974861145,0.5869135856628418,-0.07652940601110458,0.5447287559509277,0.6311752200126648,-0.0697261244058609,0.6615326404571533,0.5756937265396118,-0.055045291781425476,0.5995309352874756,0.587084949016571,-0.07829050719738007,0.5760143399238586,0.6229455471038818,-0.07755279541015625,0.5679658651351929,0.6543383002281189,-0.07084372639656067
2,3,0.6455138325691223,0.7189845442771912,6.754335402092693e-08,0.5991602540016174,0.6754845976829529,-0.0049562519416213036,0.5700957775115967,0.6195593476295471,-0.01215200312435627,0.553881049156189,0.5825595855712891,-0.02445077896118164,0.5454498529434204,0.551180899143219,-0.03638969734311104,0.6078622937202454,0.5325494408607483,0.0017506624571979046,0.5749915242195129,0.4756135940551758,-0.018296239897608757,0.5479092597961426,0.4391862154006958,-0.03383130952715874,0.5257182717323303,0.4084939956665039,-0.04417705908417702,0.6309307217597961,0.5263951420783997,-0.01058068498969078,0.5878101587295532,0.4626859724521637,-0.03603048622608185,0.553719162940979,0.4246451258659363,-0.053693149238824844,0.5272361636161804,0.396378755569458,-0.06223686784505844,0.6550071239471436,0.5351965427398682,-0.025042178109288216,0.5956586003303528,0.510542094707489,-0.05732860416173935,0.5645036101341248,0.5559584498405457,-0.06458023190498352,0.5465919971466064,0.5997662544250488,-0.06075615808367729,0.6726719737052917,0.5586965680122375,-0.04014972969889641,0.6211147308349609,0.5574610233306885,-0.06373812258243561,0.5961573123931885,0.5910673141479492,-0.06559016555547714,0.5835215449333191,0.6253735423088074,-0.06120067462325096
2,3,0.6474254131317139,0.7154961824417114,2.44005036620365e-07,0.5971304178237915,0.6768717765808105,-0.003329980419948697,0.5663873553276062,0.6258760690689087,-0.012949053198099136,0.5479827523231506,0.5891914963722229,-0.028681227937340736,0.5473218560218811,0.5559800267219543,-0.04374965280294418,0.5999369025230408,0.5311933755874634,-0.002380592282861471,0.566932201385498,0.4669716954231262,-0.02362082526087761,0.5418896079063416,0.42533522844314575,-0.03893611580133438,0.5233142375946045,0.3909344971179962,-0.04889974743127823,0.6243864893913269,0.52773118019104,-0.01825551688671112,0.5804509520530701,0.4601995646953583,-0.04664229229092598,0.5472968816757202,0.4152660369873047,-0.06478359550237656,0.522173285484314,0.3798814117908478,-0.07321445643901825,0.6474306583404541,0.5398377776145935,-0.03559064492583275,0.5811804533004761,0.5279704928398132,-0.06866774708032608,0.5622272491455078,0.5814275741577148,-0.06988469511270523,0.5588268041610718,0.6265679597854614,-0.06098302826285362,0.6594743728637695,0.5656859278678894,-0.053804460912942886,0.6004557609558105,0.5660346150398254,-0.07531417161226273,0.5788565874099731,0.6017429828643799,-0.0714467465877533,0.5718366503715515,0.6349700689315796,-0.06274550408124924
1,3,0.6469314694404602,0.7482143640518188,1.2005735072762036e-07,0.5837259888648987,0.6856589317321777,0.0072040073573589325,0.5574244260787964,0.6083534955978394,0.006234060041606426,0.5390615463256836,0.5589319467544556,-0.0005060609546490014,0.5189247727394104,0.512753963470459,-0.007847570814192295,0.5962616801261902,0.5457179546356201,0.010449196211993694,0.5696269273757935,0.46355003118515015,-0.00519877765327692,0.541140079498291,0.4142421782016754,-0.019242309033870697,0.5156901478767395,0.3747427463531494,-0.030344342812895775,0.6080520749092102,0.5476449728012085,-0.007813752628862858,0.5735884308815002,0.44986632466316223,-0.026047801598906517,0.5391361117362976,0.4004598557949066,-0.04223744571208954,0.5093015432357788,0.3610714077949524,-0.05354555323719978,0.6156721115112305,0.5629622936248779,-0.02757289819419384,0.5816773176193237,0.469929039478302,-0.04475264251232147,0.5470289587974548,0.42127567529678345,-0.05708206444978714,0.5161067247390747,0.38634419441223145,-0.06561350077390671,0.6153092384338379,0.5875120162963867,-0.04734092950820923,0.5925868153572083,0.5220365524291992,-0.06112175062298775,0.5677018165588379,0.4851294457912445,-0.06832060217857361,0.5424827337265015,0.4572669267654419,-0.07399141788482666
1,3,0.6316052675247192,0.7703739404678345,2.43163555069259e-07,0.5706543922424316,0.7198406457901001,-0.0015840488485991955,0.5285830497741699,0.6524562835693359,-0.010324482806026936,0.49811893701553345,0.6094513535499573,-0.022879648953676224,0.46526601910591125,0.5730019211769104,-0.03698116913437843,0.5568430423736572,0.5696960091590881,-0.014386535622179508,0.5310001373291016,0.4913497865200043,-0.03951640427112579,0.5048573613166809,0.44635647535324097,-0.05865064635872841,0.48015666007995605,0.4114021062850952,-0.07290880382061005,0.5767731070518494,0.5750128626823425,-0.03343521058559418,0.55469810962677,0.4708992540836334,-0.058874841779470444,0.5298284888267517,0.41653114557266235,-0.07815719395875931,0.5060460567474365,0.3723118305206299,-0.09191524237394333,0.5940381288528442,0.598480761051178,-0.05399532988667488,0.5688011050224304,0.5021985173225403,-0.08026734739542007,0.5400604009628296,0.4554588794708252,-0.09713733196258545,0.512902021408081,0.4181535840034485,-0.10864076018333435,0.6066687703132629,0.6360904574394226,-0.07439611852169037,0.5815114378929138,0.5790300369262695,-0.09870500862598419,0.5555692315101624,0.5469270944595337,-0.11051551252603531,0.5296854972839355,0.5211392641067505,-0.11891309171915054
2,3,0.6800012588500977,0.7218178510665894,1.8284283953562408e-07,0.6318829655647278,0.6800994277000427,-0.006089064758270979,0.6032279133796692,0.621250331401825,-0.01501594390720129,0.5899046063423157,0.5767549276351929,-0.02815764583647251,0.5874933004379272,0.5377233624458313,-0.04031069204211235,0.6365815997123718,0.526634931564331,-0.008637632243335247,0.6154422760009766,0.45470887422561646,-0.0287399310618639,0.5995323061943054,0.4111035466194153,-0.041340652853250504,0.5888625979423523,0.3744276165962219,-0.04874091595411301,0.664438009262085,0.5252840518951416,-0.020506052300333977,0.635257363319397,0.4447285830974579,-0.04412282630801201,0.6100234985351562,0.4023033678531647,-0.05622033402323723,0.590478777885437,0.37122470140457153,-0.060355618596076965,0.6894617080688477,0.5400174260139465,-0.033866237848997116,0.6320276260375977,0.5166290998458862,-0.0618630051612854,0.6097744703292847,0.5619929432868958,-0.06201900914311409,0.6032407283782959,0.6017860174179077,-0.05372871458530426,0.7041052579879761,0.5689727067947388,-0.04826957359910011,0.6488710641860962,0.5674530863761902,-0.0670783519744873,0.6216874718666077,0.5954294204711914,-0.06475909799337387,0.6081980466842651,0.6211025714874268,-0.05777038633823395
1,0,0.6027466654777527,0.7555835247039795,-1.5302798317406996e-07,0.5724830627441406,0.6887397170066833,0.030027927830815315,0.5350167751312256,0.6371891498565674,0.038274019956588745,0.5031874179840088,0.6031206846237183,0.04010918736457825,0.4740895628929138,0.5864236950874329,0.03907908871769905,0.5233756899833679,0.5796873569488525,0.007973713800311089,0.46439826488494873,0.528242290019989,-0.0021728998981416225,0.4238405227661133,0.5062001943588257,-0.008335523307323456,0.39102452993392944,0.4923422932624817,-0.011860118247568607,0.5226839184761047,0.5917329788208008,-0.01345016062259674,0.44842150807380676,0.5299053192138672,-0.021900599822402,0.40205538272857666,0.507617175579071,-0.02425522543489933,0.36690419912338257,0.4951058328151703,-0.026166079565882683,0.5184663534164429,0.6208018660545349,-0.03262082487344742,0.44362306594848633,0.5674804449081421,-0.03968339040875435,0.39762818813323975,0.5465957522392273,-0.04202574864029884,0.3629179000854492,0.5307064056396484,-0.04445895552635193,0.5089879035949707,0.6628583073616028,-0.04882776737213135,0.4524149000644684,0.6217546463012695,-0.056197404861450195,0.41916292905807495,0.6008334755897522,-0.057576984167099,0.3919432759284973,0.5817001461982727,-0.05859975889325142
